CÓDIGO DO PRODUTO; NOME DO PRODUTO
9274598; NABOTA 200U 1FR/AMP
9089061; TORNEIRA DESCARTAVEL 3 VIAS SOLIDOR
9192840; RENNOVA DIAMOND INTENSE C/ AGULHA TSK
3029055; TORNEIRA DESCARTAVEL 3 VIAS LL
9058322; RENNOVA ELLEVA
9160508; RENNOVA ELLEVA X
9252818; RENNOVA ELLEVA 150
9253592; RENNOVA FILL FINE LINES LIDO
9253626; RENNOVA FILL EYES LINES LIDO 1,1 ML
3076528; RENNOVA CANNULA 22Gx50MM C/ AGULHA 21G
3076536; RENNOVA CANNULA 25GX50MM C/ AGULHA 23G
3077294; RENNOVA CANNULA 18GX70MM
9123886; RENNOVA LIFT PLUS LIDO
9193913; CROQUIS MONO 30GX25X30 6-0 - IMP CX60
9193924; CROQUIS SCREW 27GX50X70 5-0 - IMP CX60
9193948; CROQUIS BARBED CUTTING 18GX100X150 2 L CANNULA-IMP CX30
9253683; RENNOVA LIFT LIPS PLUS LIDO 1,1 ML
9263484; RENNOVA FILL SOFT LIPS LIDO
9980020; RENNOVA LIFT SER 1ML
; RENNOVA FILL
; RENNOVA FILL LIDO
; RENNOVA LIFT
; RENNOVA LIFT LIDO
; RENNOVA DEEP LINE LIDO
; RENNOVA ULTRA VOLUME LIDO
; RENNOVA ULTRA VOLUME LIDO 2ML
; RENNOVA FILL HYALURONIC 30
; RENNOVA LIFT SHAPE LIDO
; CROQUIS MONO 30GX40X50 CX60
; CROQUIS BARBED CUTTING 20GX60X105 IMP CX30
; CROQUIS BARBED CUTTING 20GX90X140 IMP CX30
; CROQUIS BARBED MOLDING 18GX100X185 CX30
; NABOTA 100U 1FR/AMP
; RENNOVA CANNULA 21GX70MM
; RENNOVA CANNULA SUBCISION 18G X 100MM
; RENNOVA CANNULA SUBCISION 17G X 100MM
; RENNOVA CANNULA BODY 20G X 80MM
; RENNOVA CANNULA BODY 20G X 100MM
; RENNOVA BEAUTE HYALURONIC COMPLEX 30 CAPS
; RENNOVA COLÁGENO ELLEVA FRUTAS VERMELHAS 120G
; RENNOVA CARE HYALURONIC GEL CLEANSER 150G
; RENNOVA CARE DEEP HYDRATION BODY CREAM 200G
; RENNOVA CARE MAKEUP REMOVER CLEANSING FACE WIPES 19CM X 14CM 40UNDS
; RENNOVA CARE MAKEUP REMOVER CLEANSING LIP WIPES 19CM X 14CM 40UNDS
; RENNOVA CARE PROTETOR SOLAR FPS 99 50ML
; RENNOVA CARE PROTETOR SOLAR FPS 60 FACIAL 50ML
; RENNOVA CARE PROTETOR SOLAR FPS 60 FACIAL TONALIZANTE 50ML
; RENNOVA CARE HYALURONIC MICELLAR SOLUTION 200ML
; RENNOVA CARE PRO-AGING COLLAGEN POWER SERUM 30ML
; RENNOVA CARE MULTI-PEPTIDE + HYALURONIC BOOSTER 50G
; RENNOVA CARE DEEP REPAIR CREAM 40G
; RENNOVA CARE HAND AND NAILS CREAM 50G
; RENNOVA CARE BEAUTY WATER 100ML
; RENNOVA CARE HYALURONIC GLOSS AGATE 4,5ML
; RENNOVA CARE HYALURONIC GLOSS DIAMOND 4,5ML
; RENNOVA CARE HYALURONIC GLOSS QUARTZO 4,5ML
; RENNOVA CARE HYALURONIC GLOSS RUBY 4,5ML
; RENNOVA CARE PERFECT EYES DUO CRYSTAL 1,6G
; RENNOVA CARE PERFECT LIPS DUO DIVA 1,6G
; RENNOVA CARE PERFECT LIPS DUO LADY 1,6G
; RENNOVA CARE PERFECT LIPS DUO PRINCESS 1,6G
; RENNOVA CARE PERFECT LIPS DUO QUEEN 1,6G