CÓDIGO DO PRODUTO; NOME DO PRODUTO
; RENNOVA FILL
; RENNOVA FILL LIDO
; RENNOVA FILL SOFT LIPS LIDO
; RENNOVA LIFT
; RENNOVA LIFT LIDO
; RENNOVA LIFT LIPS PLUS LIDO
; RENNOVA LIFT PLUS LIDO
; RENNOVA DEEP LINE LIDO
; RENNOVA ULTRA VOLUME LIDO
; RENNOVA ULTRA VOLUME LIDO 2ML
; RENNOVA FILL HYALURONIC 30
; RENNOVA LIFT SHAPE LIDO
; RENNOVA ELLEVA 150
; RENNOVA ELLEVA
; RENNOVA ELLEVA X
; RENNOVA DIAMOND INTENSE
; CROQUIS MONO 30GX25X30 CX60
; CROQUIS MONO 30GX40X50 CX60
; CROQUIS SCREW 27GX50X70 CX60
; CROQUIS BARBED CUTTING 20GX60X105 IMP CX30
; CROQUIS BARBED CUTTING 20GX90X140 IMP CX30
; CROQUIS BARBED CUTTING 18GX100X150 CX30
; CROQUIS BARBED MOLDING 18GX100X185 CX30
; NABOTA 100U
; NABOTA 200U
; RENNOVA CANNULA 25GX50MM
; RENNOVA CANNULA 22GX70MM
; RENNOVA CANNULA 22GX50MM
; RENNOVA CANNULA 21GX70MM
; RENNOVA CANNULA 18GX70MM
; RENNOVA CANNULA SUBCISION 18G X 100MM
; RENNOVA CANNULA SUBCISION 17G X 100MM
; RENNOVA CANNULA BODY 20G X 80MM
; RENNOVA CANNULA BODY 20G X 100MM
; RENNOVA BEAUTE HYALURONIC COMPLEX 30 CAPS
; RENNOVA COLÁGENO ELLEVA FRUTAS VERMELHAS 120G
; RENNOVA CARE HYALURONIC GEL CLEANSER 150G
; RENNOVA CARE DEEP HYDRATION BODY CREAM 200G
; RENNOVA CARE MAKEUP REMOVER CLEANSING FACE WIPES 19CM X 14CM 40UNDS
; RENNOVA CARE MAKEUP REMOVER CLEANSING LIP WIPES 19CM X 14CM 40UNDS
; RENNOVA CARE PROTETOR SOLAR FPS 99 50ML
; RENNOVA CARE PROTETOR SOLAR FPS 60 FACIAL 50ML
; RENNOVA CARE PROTETOR SOLAR FPS 60 FACIAL TONALIZANTE 50ML
; RENNOVA CARE HYALURONIC MICELLAR SOLUTION 200ML
; RENNOVA CARE PRO-AGING COLLAGEN POWER SERUM 30ML
; RENNOVA CARE MULTI-PEPTIDE + HYALURONIC BOOSTER 50G
; RENNOVA CARE DEEP REPAIR CREAM 40G
; RENNOVA CARE HAND AND NAILS CREAM 50G
; RENNOVA CARE BEAUTY WATER 100ML
; RENNOVA CARE HYALURONIC GLOSS AGATE 4,5ML
; RENNOVA CARE HYALURONIC GLOSS DIAMOND 4,5ML
; RENNOVA CARE HYALURONIC GLOSS QUARTZO 4,5ML
; RENNOVA CARE HYALURONIC GLOSS RUBY 4,5ML
; RENNOVA CARE PERFECT EYES DUO CRYSTAL 1,6G
; RENNOVA CARE PERFECT LIPS DUO DIVA 1,6G
; RENNOVA CARE PERFECT LIPS DUO LADY 1,6G
; RENNOVA CARE PERFECT LIPS DUO PRINCESS 1,6G
; RENNOVA CARE PERFECT LIPS DUO QUEEN 1,6G
